{"cameraMode":{"drawMode":0,"name":"Shaded","section":"Shading Mode"},"sceneLighting":true,"audioPlay":false,"sceneViewState":{"showFog":true,"showMaterialUpdate":false,"showSkybox":true,"showFlares":true,"showImageEffects":true,"showParticleSystems":true},"in2DMode":false,"pivot":{"x":1255.462158203125,"y":-1136.228515625,"z":1186.06689453125},"rotation":{"x":0.25799232721328738,"y":0.38419684767723086,"z":-0.11253325641155243,"w":0.8793493509292603},"size":2150.588134765625,"orthographic":false}