{"cameraMode":{"drawMode":0,"name":"Shaded","section":"Shading Mode"},"sceneLighting":true,"audioPlay":false,"sceneViewState":{"showFog":true,"showMaterialUpdate":false,"showSkybox":false,"showFlares":true,"showImageEffects":true,"showParticleSystems":true},"in2DMode":false,"pivot":{"x":0.3286406993865967,"y":1.1419858932495118,"z":-0.23944520950317384},"rotation":{"x":-0.37890613079071047,"y":-0.28364047408103945,"z":0.12322365492582321,"w":-0.872246503829956},"size":40.08831787109375,"orthographic":false}