{"cameraMode":{"drawMode":0,"name":"Shaded","section":"Shading Mode"},"sceneLighting":true,"audioPlay":false,"sceneViewState":{"showFog":true,"showMaterialUpdate":false,"showSkybox":true,"showFlares":true,"showImageEffects":true,"showParticleSystems":true},"in2DMode":false,"pivot":{"x":48.88391876220703,"y":-137.9915313720703,"z":-23.260570526123048},"rotation":{"x":0.04583103582262993,"y":-0.7049962878227234,"z":0.04576019570231438,"w":0.7062604427337647},"size":22.0,"orthographic":false}