{"cameraMode":{"drawMode":0,"name":"Shaded","section":"Shading Mode"},"sceneLighting":true,"audioPlay":false,"sceneViewState":{"showFog":true,"showMaterialUpdate":false,"showSkybox":false,"showFlares":true,"showImageEffects":true,"showParticleSystems":true},"in2DMode":false,"pivot":{"x":0.3286406993865967,"y":1.1419858932495118,"z":-0.23944520950317384},"rotation":{"x":0.06858377903699875,"y":0.89947110414505,"z":-0.1528351753950119,"w":0.403622567653656},"size":33.34504318237305,"orthographic":false}